letter,value1,value2,value3
S,0.463372721694837,0.641308413253743,0.581010976731104
T,0.881780965005766,0.941690141909352,0.976316893558524
U,0.969119515576317,0.632392644187517,0.167717138274171
V,0.839097444977954,0.295615140757288,0.348925345530073
W,0.926122331234708,0.661605135504984,0.945574802109546
X,0.602667757930831,0.274457316270716,0.903929756572941
Y,0.319092050358192,0.908613200028776,0.085550959561324
Z,0.90306580491425,0.451930601979718,0.964680701770821
