letter,value1,value2,value3
J,0.666750714285234,0.218827310870683,0.887885380380689
K,0.342738021742327,0.369570391006132,0.284030991308671
L,0.870841865985563,0.6798285450236,0.679096606229548
M,0.09610741303884,0.874850021505598,0.165819868114359
N,0.99066057976496,0.64876071454887,0.153145402292768
O,0.004180831237647,0.189002243410435,0.997986653595207
P,0.678051317437192,0.11241734661379,0.399080042017235
Q,0.992762620479627,0.904857173412189,0.724856786163357
R,0.482668710488783,0.476438849659808,0.193607698919197
