letter,value
A,0.33816401037732
B,0.750412216006351
C,0.53394112042895
D,0.392681075179666
E,0.632818396893902
F,0.330985265482329
G,0.245007536760256
H,0.839124825888026
I,0.308225608334641
