letter,value
S,0.463372721694837
T,0.881780965005766
U,0.969119515576317
V,0.839097444977954
W,0.926122331234708
X,0.602667757930831
Y,0.319092050358192
Z,0.90306580491425
