letter,value
J,0.666750714285234
K,0.342738021742327
L,0.870841865985563
M,0.09610741303884
N,0.99066057976496
O,0.004180831237647
P,0.678051317437192
Q,0.992762620479627
R,0.482668710488783
